Eser Adı,İcracı,Eser Süresi,Yayın Adedi
Asari Love Song,Kitty,00:03:15,45
0004__'Bright One' by Joey Burbs 🇺🇸 ｜  Non Copyrighted Pop Music 💎__[vPwflGKyRqs],,00:03:58,32
0007__💐 Copyright Free Vocal Music - ＂Lucid＂ by Jens East & Danny Baldursson__[tuUCApwjRsA],,00:03:21,32
0016__🍡 Free Indie Pop Music - ＂Crazy About You＂ by Scott the Pisces 🇬🇧 (feat. RAENE)__[LXgxSg5DIuI],,00:03:03,32
0020__Future bass & Pop (Free Music) - ＂OCEAN BLUE＂ by @ScottThePisces 🇬🇧__[leQdGmb5jxI],,00:03:04,32
0022__💡 Instrumental & Happy (Free Music) - ＂LIGHTS＂ by @SakuraGirl__[EMmVA1xtqc0],,00:04:14,32
0032__🫧 Pop (Royalty Free Music) - ＂BUBBLES＂ by Kaiji__[1Pe2wKHSfzQ],,00:01:38,32
0001__'We Won't Tell Nobody' by JOSH LUMSDEN 🇺🇸 ｜ Pop Music With Lyrics (No Copyright) 💌__[XtNkxMVOe-o],,00:03:35,31
0002__'Worth A Try' by Leonell Cassio 🇸🇪 ｜ Electropop Music (No Copyright) 🎵__[OSFVTFZBWBo],,00:03:30,31
0003__[Non Copyrighted Music] Carl Storm - With You In The Morning [Pop]__[BzqZ9o2LVzE],,00:02:24,31
0005__Copyright Free Pop Music ｜ ArrowArrow 🇯🇵 - Instead (feat. Tara Lynn)__[uNckLiOYPZ8],,00:03:35,31
0006__🐒 Copyright Free R&B Music - ＂Go＂ by Tomh. 🇫🇷__[lzk-aeqmscI],,00:03:08,31
0008__🏹 Copyright Free Indie Music - ＂No More＂ by Tomh. 🇫🇷__[lJukw_TGZVY],,00:04:14,31
0009__🌻 Energetic Tropical Electronic Music (For Videos) - ＂Happy＂ by Mike Leite 🇫🇷__[2s-ij9_OZwc],,00:03:07,31
0010__🌺 Folk Mandolin & Romantic Music (For Videos) - ＂Wanderlust＂ by Scott Buckley 🇦🇺__[pv1UkRXo84U],,00:02:48,31
0011__💚 Chill Trap (Music For YouTube Videos) - ＂What Is Love？＂ by Waroxe 🇫🇷__[f1_F-SCuyC8],,00:02:36,31
0012__✝️ Latin Pop With Spanish Vocals (Music For Videos) - ＂Mamacita＂ by Mike Leite 🇫🇷__[FS9t5_YBg4M],,00:03:15,31
0013__🍬 Tropical Chill Pop (Music For Videos) - ＂Miss You Back＂ by Nettson & Redbird  🇫🇷__[CObkDNGM0xQ],,00:03:55,31
0014__🧡 Royalty Free Epic Pop Music (For Videos) - ＂Getting Sober＂ by Nathan Wagner 🇺🇸__[0Otib2N5qT8],,00:03:09,31
0015__Free Happy Pop Music (For Videos) - ＂Garden＂ by Sakura Girl 🇯🇵__[JfdakgnQdDA],,00:03:17,31
0017__🇫🇷 Free French Pop Music (For Videos) - ＂Mood＂ by Nettson & Léa Tchéna 🇫🇷__[gazT3y7HviM],,00:02:26,31
0018__🌈 Free Pop Dance Music (For Videos) - ＂Only One＂ by Nck 🇮🇹__[dAH4tp1thXY],,00:02:48,31
0019__🎄 Christmas & Pop (Free Music) - ＂TOGETHER＂ by @RoaMusic 🇯🇵__[-YEt7JnemH4],,00:04:53,31
0021__🌴 Pop (Free Music) - ＂PERFECT SUMMER＂ by  @ScottThePisces (feat. Aleesia) 🇬🇧__[LM2awwD70kE],,00:03:15,31
0023__🧸 Chill & Pop (Free Music) - ＂ALL I NEED＂ by Kaizanblu 🇬🇧 🇧🇬__[Zb8Gae6JqJw],,00:02:38,31
0024__🎼 Pop & Alternative (Royalty Free Music) - ＂COME AND SEE＂ by Xinclair 🇺🇸__[EJTdFuC8GaA],,00:02:13,31
0025__💔 Pop & Trap (Royalty Free Music) - ＂BOUND TO BREAK＂ by XINCLAIR 🇺🇸__[wUPcrfmel0E],,00:03:27,31
0026__💋 Pop (Free Music) - ＂GODLESS WOMAN＂ by Gun Boi Kaz__[1KUFQLr3Ey8],,00:02:42,31
0027__🕶️ Synth pop (Royalty Free Music) - ＂AFTER A WHILE＂ by Vlad Gluschenko 🇺🇦__[GKSvC1-fN2o],,00:02:02,31
0028__🌺 Instrumental & Pop (Royalty Free Music) - ＂SPRING＂ by EuGenius 🇩🇪__[rQvEBkg7k2s],,00:04:15,31
0029__🪻 Pop (Royalty Free Music) - ＂LIQUID LUCK＂ by Gun Boi Kaz__[shoEfQ11MLM],,00:01:51,31
0030__🌞 Russian & Pop (Royalty Free Music) - ＂ГДЕ Я？ (WHERE AM I)＂ by DIE GLÜCKLICHEN__[yrAMnRzY63A],,00:02:52,31
0031__🌻 Pop & Indie (Royalty Free Music) - ＂SPEECHLESS＂ by Pyrosion__[fl8BD-oAxo0],,00:03:07,31
ALL I NEED,Kaizanblu,00:02:38,21
COME AND SEE,Xinclair,00:02:13,21
GODLESS WOMAN,Gun Boi Kaz,00:02:42,21
AFTER A WHILE,Vlad Gluschenko,00:02:02,20
BOUND TO BREAK,XINCLAIR,00:03:27,20
BUBBLES,Kaiji,00:01:38,20
Crazy About You,Scott the Pisces (feat. RAENE),00:03:03,20
Go,Tomh.,00:03:08,20
LIQUID LUCK,Gun Boi Kaz,00:01:51,20
PERFECT SUMMER,Scott The Pisces (feat. Aleesia),00:03:15,20
SPEECHLESS,Pyrosion,00:03:07,20
SPRING,EuGenius,00:04:15,20
What Is Love?,Waroxe,00:02:36,20
ГДЕ Я? (WHERE AM I),DIE GLÜCKLICHEN,00:02:52,20
Bright One,Joey Burbs,00:03:58,19
Instead (feat. Tara Lynn),ArrowArrow,00:03:35,19
LIGHTS,Sakura Girl,00:04:14,19
Lucid,Jens East & Danny Baldursson,00:03:21,19
Mamacita,Mike Leite,00:03:15,19
Miss You Back,Nettson & Redbird,00:03:55,19
Mood,Nettson & Léa Tchéna,00:02:26,19
OCEAN BLUE,Scott The Pisces,00:03:04,19
Only One,Nck,00:02:48,19
Wanderlust,Scott Buckley,00:02:48,19
We Won't Tell Nobody,JOSH LUMSDEN,00:03:35,19
With You In The Morning,Carl Storm,00:02:24,19
Garden,Sakura Girl,00:03:17,18
Getting Sober,Nathan Wagner,00:03:09,18
Happy,Mike Leite,00:03:07,18
No More,Tomh.,00:04:14,18
TOGETHER,Roa Music,00:04:53,18
Worth A Try,Leonell Cassio,00:03:30,18
(There Is) No Greater Love,Amy Winehouse,00:02:09,13
21 Reasons,Nathan Dawe feat. Ella Henderson,00:02:35,13
Ain’t No Mountain High Enough,Marvin Gaye & Tammi Terrell,00:02:32,13
All the Things She Said,t.A.T.u.,00:03:34,13
Animals,Maroon 5,00:03:51,13
APT.,ROSÉ & Bruno Mars,00:02:53,13
APT.,ROSÉ & Bruno Mars,00:02:53,13
Arcade,John Coldrain ft. Franco Carter,00:02:28,13
Backseat,Balu Brigada,00:06:23,13
Bang Bang,Jessie J + Ariana Grande + Nicki Minaj,00:03:19,13
Be Her,Ella Langley,00:03:37,13
Been By Now,Morgan Wallen,00:03:34,13
Boston,STELLA LEFTY,00:02:51,13
Breakin' Dishes,Rihanna,00:03:21,13
Can You Imagine?,African Children's Choir,00:03:12,13
CHANEL,Tyla,00:03:09,13
cult leader,daisy angel,00:01:54,13
Damn Your Eyes,Etta James,00:04:11,13
Die With a Smile,Lady Gaga & Bruno Mars,00:04:12,13
Diva,Beyoncé,00:03:21,13
Dobro,Westside Cowboy,00:02:45,13
Don't Leave Me Here Alone,The Barrier Brothers,00:02:28,13
Don’t Stop the Music,Rihanna,00:04:27,13
Embrace It,Ndotz,00:01:45,13
Eternity (Orchestral version),Robbie Williams,00:05:36,13
Ev'ry Time We Say Goodbye,Robbie Williams,00:03:03,13
FE!N,Travis Scott feat. Playboi Carti,00:03:12,13
FLOWERS,Tiffany Day,00:02:28,13
Get Right,Jennifer Lopez,00:03:46,13
GIMME GIMME,Katy Perry feat. 21 Savage,00:02:58,13
God’s Plan,Drake,00:03:19,13
Halo,Beyoncé,00:04:22,13
Hard to Say I'm Sorry,David Foster,00:04:34,13
He Wasn’t Man Enough,Toni Braxton,00:04:22,13
Heartattack,Demi Lovato,00:03:31,13
Hey Baby (Drop It to the Floor),Pitbull feat. T‐Pain,00:03:56,13
Hootie Frutti,KATSEYE,00:02:21,13
Houdini,Eminem,00:03:47,13
Houdini,Eminem,00:03:47,13
I Can’t Wait,Phoebe Bridgers,00:03:37,13
I Can’t Wait,Phoebe Bridgers,00:03:37,13
I Don't Need,Lily Locksmith,00:02:32,13
I Gotta Feeling,The Black Eyed Peas,00:04:49,13
I Gotta Feeling,The Black Eyed Peas,00:04:49,13
I Just Might,Bruno Mars,00:03:33,13
I Miss You the Most,Andy Griggs,00:03:03,13
I Still Dream of You,Yea‐Ming and The Rumours,00:03:40,13
I Will Talk and Hollywood Will Listen,Robbie Williams,00:03:18,13
I Wish You Love,Laufey,00:02:35,13
In the Air Tonight,Phil Collins,00:05:36,13
In The Middle,Austin Burke,00:02:35,13
Kill Me,Phoebe Bridgers,00:04:42,13
Killin’ It Girl,j-hope feat. GloRilla,00:02:29,13
Leave (Get Out),JoJo,00:04:03,13
Let's Face the Music and Dance,Robbie Williams,00:02:41,13
Let’s Get It On,Marvin Gaye,00:04:51,13
Levitating,Dua Lipa,00:03:24,13
Like the Movies,Laufey,00:02:43,13
Lose a Friend,Evan Honer & Winyah,00:03:23,13
Love Is a Losing Game,Amy Winehouse,00:02:34,13
Love Me More,Mitski,00:03:33,13
Mack the Knife,Robbie Williams,00:03:19,13
"Me, Myself and I",Beyoncé,00:05:01,13
MIDNIGHT PRETENDERS,亜蘭知子,00:05:45,13
Mirrors,Justin Timberlake,00:08:04,13
Missing You Now,Michael Bolton feat. Kenny G,00:04:26,13
Mr. Bojangles,Robbie Williams,00:03:18,13
My Oh My,Ava Max,00:02:36,13
My Oh My,Ava Max,00:02:36,13
On the Floor,Jennifer Lopez & Pitbull,00:04:45,13
Parallel,John Coldrain ft. Franco Carter & Dr. Luv,00:02:18,13
Party Ppl,Henny,00:02:48,13
Powerless,Judah & the Lion,00:03:32,13
Promiscuous,Nelly Furtado,00:04:03,13
REDRED,CORTIS,00:02:43,13
Right Here Waiting,Richard Marx,00:04:24,13
Rock That Body,The Black Eyed Peas,00:04:29,13
Running Away,Thee Sacred Souls,00:03:15,13
"sry, i like u",Julia Alexa & Oui Lele,00:01:52,13
Stitches,Shawn Mendes,00:03:27,13
Stronger (What Doesn’t Kill You),Kelly Clarkson,00:03:41,13
stupid song,Olivia Rodrigo,00:03:30,13
Super Trouper,ABBA,00:04:13,13
Sweater Weather,The Neighbourhood,00:04:00,13
Talk It Out,dwsdmusic,00:02:51,13
Tear in My Heart,twenty one pilots,00:03:08,13
The Best,Tina Turner,00:05:29,13
The Fate of Ophelia,Taylor Swift,00:03:46,13
The Fate of Ophelia (Loud Luxury remix),Taylor Swift,00:02:36,13
The Well Swing Intro - Have You Met Miss Jones?,Robbie Williams,00:02:31,13
The Wolf,half•alive,00:02:59,13
Thief,Tommy Lefroy,00:02:46,13
This Will Be,Natalie Cole,00:02:52,13
Timber,Pitbull feat. Ke$ha,00:03:24,13
Top Of The Stairs,D. H. Grey,00:04:06,13
Touch,KATSEYE,00:02:10,13
Toxic,Britney Spears,00:03:19,13
Toxic,Britney Spears,00:03:19,13
Training Season,Dua Lipa,00:03:30,13
Training Season,Dua Lipa,00:03:29,13
TRUTH OR DARE,CHRI$00,00:02:34,13
Umbrella,Rihanna feat. Jay‐Z,00:04:36,13
Use This Gospel,Kanye West feat. Clipse & Kenny G,00:03:37,13
What a Difference a Day Makes,RAYE,00:04:21,13
What Makes You Beautiful,One Direction,00:03:20,13
"Whenever, Wherever",Shakira,00:03:16,13
You and Me Against the World,India Ramey,00:03:37,13
Yours Not Mine,Willowake,00:03:01,13
…Baby One More Time,Britney Spears,00:03:31,13
21 Reasons,Nathan Dawe feat. Ella Henderson,00:02:35,12
24K Magic,Bruno Mars,00:03:46,12
A Minute of Your Time,Günter Kallmann Choir,00:02:35,12
Abracadabra,Lady Gaga,00:03:43,12
Abracadabra,Lady Gaga,00:03:43,12
Active,Asake & Travis Scott,00:03:04,12
Active,Asake & Travis Scott,00:03:04,12
Adventure of a Lifetime,Coldplay,00:04:24,12
Ain't That a Kick in the Head,Robbie Williams,00:02:28,12
All My Friends (intro),Indigo,00:02:53,12
All the Things She Said (radio version),t.A.T.u.,00:03:34,12
Am I Wrong,Nico & Vinz,00:04:06,12
Animal,KATSEYE,00:02:38,12
Babydoll,Dominic Fike,00:01:38,12
back to friends,sombr,00:03:19,12
bad enough,Madison Beer,00:03:43,12
Bang Bang,"Jessie J, Ariana Grande & Nicki Minaj",00:03:19,12
Believer,Imagine Dragons,00:03:24,12
Big Strong Man,Cavetown,00:03:50,12
Breakin’ Dishes,Rihanna,00:03:21,12
Brooklyn Baby,Lana Del Rey,00:05:52,12
California Gurls,Katy Perry & Snoop Dogg,00:03:54,12
California Gurls,Katy Perry feat. Snoop Dogg,00:03:54,12
Can’t Feel My Face,The Weeknd,00:03:34,12
CAN’T STOP THE FEELING! (original song from DreamWorks Animation’s “TROLLS”),Justin Timberlake,00:03:56,12
CHANEL,Tyla,00:03:09,12
Choose Your Fighter,Ava Max,00:02:18,12
closer to heaven,Madelline,00:02:56,12
Come Together,The Beatles,00:04:20,12
Cosmic Dust,John Coldrain ft. Franco Carter,00:03:25,12
Crazy in Love,Beyoncé featuring Jay‐Z,00:03:57,12
Damage,Bazanji,00:02:46,12
Diamonds,Rihanna,00:03:45,12
Diamonds,Rihanna,00:03:45,12
Do It to It,Cherish feat. Sean Paul,00:03:43,12
Do Nothin' Till You Hear From Me,Robbie Williams,00:02:58,12
Don’t Stop the Music,Rihanna,00:04:27,12
Don’t Stop the Music,Rihanna,00:04:27,12
Dreamer,Laufey,00:03:31,12
drop dead,Olivia Rodrigo,00:03:45,12
Dying for Attention,"nothing,nowhere.",00:03:26,12
Easier Said Than Done,Thee Sacred Souls,00:02:53,12
Embrace It,Ndotz,00:01:45,12
End of Time,John Coldrain ft. Downtown Binary,00:03:37,12
Espresso,Sabrina Carpenter,00:02:55,12
Espresso,Sabrina Carpenter,00:02:55,12
Every Time I Close My Eyes,Babyface,00:04:59,12
Every Time I Close My Eyes,Babyface,00:04:56,12
FE!N,Travis Scott feat. Playboi Carti,00:03:12,12
For me... formidable,Charles Aznavour,00:02:24,12
Freedom Bus,Sheryl Crow feat. Jesse Welles,00:04:43,12
From the Start,Laufey,00:02:50,12
Genie in a Bottle,Christina Aguilera,00:03:38,12
GIMME GIMME,Katy Perry feat. 21 Savage,00:02:58,12
Godzilla,Eminem feat. Juice WRLD,00:03:31,12
Godzilla,Eminem ft. Juice WRLD,00:03:31,12
God’s Plan,Drake,00:03:19,12
greedy,Tate McRae,00:02:10,12
Grenade,Bruno Mars,00:03:42,12
Halo,Beyoncé,00:04:22,12
Have You Met Miss Jones?,Robbie Williams,00:02:34,12
Heart Attack,Demi Lovato,00:03:31,12
Heat Waves,Glass Animals,00:03:59,12
Heat Waves,Glass Animals,00:03:59,12
Here Comes the Sun,The Beatles,00:03:06,12
Hips Don't Lie,Shakira feat. Wyclef Jean,00:03:38,12
Hips Don't Lie,Shakira feat. Wyclef Jean,00:03:40,12
Hips Don't Lie,Shakira feat. Wyclef Jean,00:03:40,12
Ho Hey,The Lumineers,00:02:43,12
"Hold On, I’m Comin’",Sam & Dave,00:02:36,12
Houdini,Dua Lipa,00:03:06,12
Houdini,Dua Lipa,00:03:06,12
How Many Days,William Hall,00:02:36,12
I Forgot to Be Your Lover,William Bell,00:02:19,12
I Got Better,Morgan Wallen,00:03:25,12
I Like U,One Track Mind,00:03:13,12
I Love You So,The Walters,00:02:40,12
I Wish You Love,Sam Cooke,00:02:25,12
If U Seek Amy,Britney Spears,00:03:37,12
In Your Eyes (remix),The Weeknd feat. Kenny G,00:04:18,12
Irreplaceable,Beyoncé,00:03:48,12
I’m Gonna Be (500 Miles),The Proclaimers,00:03:39,12
Just Fine,David Ruis,00:03:51,12
Killin’ It Girl,j-hope feat. GloRilla,00:02:29,12
Kings & Queens,Ava Max,00:02:42,12
Kiss,Prince,00:03:46,12
La La La,Naughty Boy feat. Sam Smith,00:03:42,12
Let’s Go Crazy,Prince and The Revolution,00:04:40,12
Like You,Bow Wow feat. Ciara,00:03:26,12
Locked Away,R. City feat. Adam Levine,00:03:46,12
Lost Boys,Phoebe Bridgers,00:04:15,12
Love Me Again,John Newman,00:04:00,12
Love Me Like You Do,Ellie Goulding,00:04:14,12
Love You Like a Love Song,Selena Gomez & the Scene,00:03:08,12
Love You Like a Love Song,Selena Gomez & the Scene,00:03:08,12
LoveGame,Lady Gaga,00:03:36,12
Lover Girl,Laufey,00:02:44,12
Lovey Dovey Kind of Love,Brenton Wood,00:02:06,12
Man I Need,Olivia Dean,00:03:04,12
Maps,Maroon 5,00:03:10,12
Mariposa,Peach Tree Rascals,00:03:30,12
Mary Jane vs Graeme Blevins.,RAYE w/ The Heritage Orchestra & Graeme Blevins,00:01:32,12
Medley: Try a Little Tenderness / (I Love You) For Sentimental Reasons / You Send Me,Sam Cooke,00:04:56,12
Moody Wind,Anthony Lazaro,00:03:12,12
My Girl,The Temptations,00:02:45,12
My Way,Robbie Williams,00:04:46,12
Need Someone,Zara Larsson,00:02:57,12
No Surprises,Juliana Chahayed,00:02:01,12
NOBLE,F3miii,00:03:06,12
Not Afraid,Lontalius,00:03:19,12
Not Enough,Futuristic,00:02:26,12
Nothing Can Change This Love,Sam Cooke,00:02:39,12
Oh No Now My,This Is Lorelei,00:03:08,12
Old Town Road (remix),Lil Nas X feat. Billy Ray Cyrus,00:02:37,12
Old Town Road (remix),Lil Nas X feat. Billy Ray Cyrus,00:02:37,12
On the Floor (radio edit),Jennifer Lopez & Pitbull,00:03:51,12
One for My Baby,Robbie Williams,00:04:18,12
Only Girl (in the World),Rihanna,00:03:55,12
Oops!...I Did It Again,Britney Spears,00:03:32,12
Plastic Love,Mariya Takeuchi,00:04:57,12
Polar,John Coldrain ft. Franco Carter,00:02:56,12
Polaroid,Syndrome,00:02:12,12
pretty little wreck,LØLØ,00:01:58,12
Price Tag,Jessie J feat. B.o.B,00:03:41,12
Price Tag,Jessie J feat. B.o.B,00:03:41,12
Purple Rain,Prince and The Revolution,00:08:42,12
REDRED,CORTIS,00:02:43,12
Rich Girl,Gwen Stefani featuring Eve,00:03:57,12
Right Now (Na Na Na),Akon,00:04:01,12
Right Round,Flo Rida feat. Ke$ha,00:03:30,12
Robin Hood (Sarcastic Sounds Remix),Anson Seabra & Sarcastic Sounds,00:02:07,12
Rocket Man (I Think It’s Going to Be a Long Long Time),Elton John,00:04:42,12
Sasha (Sex Secret),2raumwohnung,00:03:32,12
Say It Right,Nelly Furtado,00:03:43,12
See You Again,Wiz Khalifa feat. Charlie Puth,00:03:57,12
She Knows,J. Cole feat. Amber Coffman & Cults,00:04:57,12
She Knows,J. Cole feat. Amber Coffman & Cults,00:04:57,12
She Looks So Perfect,5 Seconds of Summer,00:03:22,12
Somebody Else,Isac Elliot,00:02:42,12
Somebody That I Used to Know,Gotye feat. Kimbra,00:04:04,12
Someone to You,BANNERS,00:03:42,12
Spooky,Dusty Springfield,00:02:44,12
Spot a Fake,Ava Max,00:02:47,12
Stargazing,The Neighbourhood,00:03:37,12
Stay Asleep,Seth Power,00:03:44,12
Straighten Up and Fly Right,Robbie Williams,00:02:36,12
Stressed Out,twenty one pilots,00:03:22,12
Stressed Out,twenty one pilots,00:03:22,12
Stressed Out,twenty one pilots,00:03:22,12
Summertime,The Platters,00:02:31,12
Sunflower (Spider‐Man: Into the Spider‐Verse),Post Malone & Swae Lee,00:02:38,12
São Paulo,The Weeknd feat. Anitta,00:05:02,12
São Paulo,The Weeknd feat. Anitta,00:05:02,12
Take On Me,a‐ha,00:03:45,12
Teach Me How to Love,Shawn Mendes,00:03:22,12
Tears,Sabrina Carpenter,00:02:40,12
Teeth,5 Seconds of Summer,00:03:26,12
Tell Me If You Love Me,Levi Ransom,00:03:00,12
Temperature,Sean Paul,00:03:36,12
That's What I Like,Bruno Mars,00:03:27,12
That’s So True,Gracie Abrams,00:02:47,12
The Bar Is Set So Low,The Format,00:02:46,12
The Boss,James Brown,00:03:14,12
The Fate of Ophelia (Loud Luxury remix),Taylor Swift,00:02:36,12
The Governor’s Waltz,Phoebe Bridgers,00:03:27,12
The Greatest,Sia feat. Kendrick Lamar,00:03:30,12
The Greatest,Sia feat. Kendrick Lamar,00:03:30,12
The Lady Is a Tramp,Robbie Williams,00:03:36,12
The One That Got Away,Katy Perry,00:03:47,12
The Outside,Phoebe Bridgers,00:03:58,12
The Way I Love You,Michal Leah,00:02:43,12
There’s Nothing Holdin’ Me Back,Shawn Mendes,00:03:19,12
Thunder,Imagine Dragons,00:03:07,12
TiK ToK,Ke$ha,00:03:20,12
Timeless,The Weeknd & Playboi Carti,00:04:16,12
Today I Started Loving You Again,Kenny Rogers,00:03:04,12
Touch,KATSEYE,00:02:10,12
Toxic,Britney Spears,00:03:19,12
Training Season,Dua Lipa,00:03:29,12
Umbrella,Rihanna feat. Jay‐Z,00:04:36,12
Uptown Funk,Mark Ronson feat. Bruno Mars,00:04:30,12
Valentine,Laufey,00:02:49,12
Vienna,Billy Joel,00:03:34,12
Walking On Clouds,Emperose & Esthie,00:03:07,12
Wasting My Time,Stefanie Heinzmann,00:03:23,12
Water,Tyla x Marshmello,00:03:12,12
We Belong Together,Mariah Carey,00:03:21,12
weren’t for the wind,Ella Langley,00:03:14,12
What It Is (solo version),Doechii,00:03:10,12
What It Is (solo version),Doechii,00:03:10,12
When Doves Cry,Prince and The Revolution,00:05:55,12
Will I See You Again?,Thee Sacred Souls,00:04:01,12
Womanizer,Britney Spears,00:03:44,12
You Send Me,Sam Cooke,00:02:44,12
You're the Inspiration,David Foster,00:03:55,12
You’re Everything I Need,Brenton Wood,00:03:18,12
Moves Like Jagger,Maroon 5 feat. Christina Aguilera,00:03:21,11
Stars Aligned,John Coldrain ft. Virtua,00:02:51,11
Abracadabra,Lady Gaga,00:03:41,9
All The Stars,,00:03:52,9
Determinate,Bridgit Mendler feat. Adam Hicks,00:03:18,9
Girls Just Want to Have Fun,,00:03:58,9
I Wanna Dance with Somebody (Who Loves Me),Whitney Houston,00:04:51,9
Rasputin,Boney M.,00:05:52,9
SexyBack,,00:04:03,9
Sweet Dreams (Are Made of This),Eurythmics,00:03:37,9
Take On Me,a-ha,00:03:45,9
Thriller,Michael Jackson,00:05:58,9
WHERE IS MY HUSBAND!,,00:03:17,9
All The Things She Said,,00:03:32,8
Angel (Remastered 2019),,00:06:23,8
Bloody Mary,Lady Gaga,00:04:05,8
Bloody Mary Wednesday Soner Karaca Remix,Lady Gaga,00:03:17,8
Bye Bye Bye,,00:03:20,8
Counting Stars,OneRepublic,00:04:43,8
Dancing Queen,ABBA,00:03:50,8
Dracula,,00:03:25,8
Escapism,,00:04:32,8
Excess,,00:04:37,8
FE!N,,00:03:12,8
Feel Good Inc,,00:03:43,8
Footloose,Kenny Loggins,00:03:47,8
Fun.： We Are Young ft. Janelle Monáe,,00:04:12,8
Ghostbusters,Ray Parker Jr.,00:04:06,8
Hit Me Up,Darin,00:02:05,8
IYDKMIGTHTKY (Gimme That),,00:06:20,8
Nightcrawler,,00:05:22,8
Poker Face,,00:03:57,8
Running Up That Hill (A Deal With God) (2018 Remaster),,00:05:01,8
She's My Collar (feat. Kali Uchis),,00:03:30,8
Show Me Love,WizTheMc bees & honey Tyla,00:01:02,8
Smooth Criminal,Michael Jackson,00:04:18,8
Somebody's Watching Me,,00:03:58,8
São Paulo,,00:05:02,8
Telephone,,00:03:41,8
The Dead Dance,Lady Gaga,00:03:49,8
The Purple People Eater,Sheb Wooley,00:02:14,8
Too Many Nights,,00:03:20,8
Uptown Funk!,Mark Ronson feat. Bruno Mars,00:04:30,8
Video Killed The Radio Star,,00:04:14,8
'We Won't Tell Nobody' by JOSH LUMSDEN 🇺🇸 | Pop Music With Lyrics (No Copyright) 💌,BreakingCopyright — Royalty Free Music,00:03:35,6
'Worth A Try' by Leonell Cassio 🇸🇪 | Electropop Music (No Copyright) 🎵,BreakingCopyright — Royalty Free Music,00:03:30,6
[Non Copyrighted Music] Carl Storm - With You In The Morning [Pop],BreakingCopyright — Royalty Free Music,00:02:24,6
Copyright Free Pop Music | ArrowArrow 🇯🇵 - Instead (feat. Tara Lynn),BreakingCopyright — Royalty Free Music,00:03:35,6
"Free Happy Pop Music (For Videos) - ""Garden"" by Sakura Girl 🇯🇵",BreakingCopyright — Royalty Free Music,00:03:17,6
"✝️ Latin Pop With Spanish Vocals (Music For Videos) - ""Mamacita"" by Mike Leite 🇫🇷",BreakingCopyright — Royalty Free Music,00:03:15,6
"🌺 Folk Mandolin & Romantic Music (For Videos) - ""Wanderlust"" by Scott Buckley 🇦🇺",BreakingCopyright — Royalty Free Music,00:02:48,6
"🌻 Energetic Tropical Electronic Music (For Videos) - ""Happy"" by Mike Leite 🇫🇷",BreakingCopyright — Royalty Free Music,00:03:07,6
"🍬 Tropical Chill Pop (Music For Videos) - ""Miss You Back"" by Nettson & Redbird  🇫🇷",BreakingCopyright — Royalty Free Music,00:03:55,6
"🏹 Copyright Free Indie Music - ""No More"" by Tomh. 🇫🇷",BreakingCopyright — Royalty Free Music,00:04:14,6
"💐 Copyright Free Vocal Music - ""Lucid"" by Jens East & Danny Baldursson",BreakingCopyright — Royalty Free Music,00:03:21,6
"🧡 Royalty Free Epic Pop Music (For Videos) - ""Getting Sober"" by Nathan Wagner 🇺🇸",BreakingCopyright — Royalty Free Music,00:03:09,6
'Bright One' by Joey Burbs 🇺🇸 |  Non Copyrighted Pop Music 💎,BreakingCopyright — Royalty Free Music,00:03:58,5
061 - Video Killed The Radio Star,,00:04:14,5
063 - Fun.： We Are Young ft. Janelle Monáe [OFFICIAL VIDEO],,00:04:12,5
083 - She's My Collar (feat. Kali Uchis),,00:03:30,5
086 - FE!N,,00:03:12,5
089 - Nightcrawler,,00:05:22,5
090 - Feel Good Inc.,,00:03:43,5
095 - Running Up That Hill (A Deal With God) (2018 Remaster),,00:05:01,5
"Future bass & Pop (Free Music) - ""OCEAN BLUE"" by @ScottThePisces 🇬🇧",BreakingCopyright — Royalty Free Music,00:03:04,5
"🇫🇷 Free French Pop Music (For Videos) - ""Mood"" by Nettson & Léa Tchéna 🇫🇷",BreakingCopyright — Royalty Free Music,00:02:26,5
"🌈 Free Pop Dance Music (For Videos) - ""Only One"" by Nck 🇮🇹",BreakingCopyright — Royalty Free Music,00:02:48,5
"🌴 Pop (Free Music) - ""PERFECT SUMMER"" by  @ScottThePisces (feat. Aleesia) 🇬🇧",BreakingCopyright — Royalty Free Music,00:03:15,5
"🍡 Free Indie Pop Music - ""Crazy About You"" by Scott the Pisces 🇬🇧 (feat. RAENE)",BreakingCopyright — Royalty Free Music,00:03:03,5
"🎄 Christmas & Pop (Free Music) - ""TOGETHER"" by @RoaMusic 🇯🇵",BreakingCopyright — Royalty Free Music,00:04:53,5
"🐒 Copyright Free R&B Music - ""Go"" by Tomh. 🇫🇷",BreakingCopyright — Royalty Free Music,00:03:08,5
"💚 Chill Trap (Music For YouTube Videos) - ""What Is Love?"" by Waroxe 🇫🇷",BreakingCopyright — Royalty Free Music,00:02:36,5
"💡 Instrumental & Happy (Free Music) - ""LIGHTS"" by @SakuraGirl",BreakingCopyright — Royalty Free Music,00:04:14,5
002 - Thriller,,00:05:58,4
003 - Sweet Dreams (Are Made of This) (2005 Remaster),,00:03:37,4
005 - Ghostbusters,,00:04:06,4
006 - Uptown Funk,,00:04:30,4
008 - Dancing Queen,,00:03:50,4
009 - Rasputin,,00:05:52,4
010 - Lady Gaga - Abracadabra (Lyrics),,00:03:41,4
011 - Lady Gaga - The Dead Dance (Lyrics),,00:03:49,4
019 - Bloody Mary,,00:04:05,4
021 - Sheb Wooley ＂The Purple People Eater＂ (Official Video),,00:02:14,4
022 - Determinate (From ＂Lemonade Mouth＂),,00:03:18,4
023 - Take on Me,,00:03:45,4
024 - Footloose (From ＂Footloose＂ Soundtrack),,00:03:47,4
042 - Excess,,00:04:37,4
043 - Smooth Criminal (2012 Remaster),,00:04:18,4
044 - IYDKMIGTHTKY (Gimme That),,00:06:20,4
060 - Bye Bye Bye,,00:03:20,4
062 - Girls Just Want to Have Fun,,00:03:58,4
064 - WHERE IS MY HUSBAND!,,00:03:17,4
075 - Somebody's Watching Me,,00:03:58,4
077 - Angel (Remastered 2019),,00:06:23,4
080 - All The Things She Said,,00:03:32,4
082 - São Paulo,,00:05:02,4
084 - Dracula,,00:03:25,4
085 - All The Stars,,00:03:52,4
087 - SexyBack,,00:04:03,4
088 - Too Many Nights,,00:03:20,4
092 - Poker Face,,00:03:57,4
093 - Telephone,,00:03:41,4
096 - Escapism.,,00:04:32,4
Always,Kenny G,00:05:34,4
An Affair to Remember,Emile Pandolfi,00:04:21,4
An Affair to Remember,Emile Pandolfi,00:04:21,4
As Time Goes By,Kenny G,00:03:32,4
Baby G,Kenny G,00:03:36,4
Bossa Antigua,Kenny G,00:03:49,4
Dearly Beloved,下村陽子,00:02:23,4
Don't Make Me Wait for Love,Kenny G,00:04:06,4
Don’t Know Why,Kenny G featuring David Benoit,00:04:32,4
Dream a Little Dream of Me,Doris Day with Paul Weston & His Music from Hollywood,00:03:44,4
Everlasting,Kenny G,00:04:17,4
Fall Again,Kenny G feat. Robin Thicke,00:04:10,4
Fly Me to the Moon / You Make Me Feel So Young,Kenny G,00:03:30,4
Forever in Love,Kenny G,00:04:59,4
Going Home,Kenny G,00:04:17,4
Havana,Kenny G,00:07:20,4
I'm in the Mood for Love,Kenny G,00:04:02,4
In the Rain,Kenny G,00:05:00,4
Loving You,Kenny G,00:03:20,4
Missing You Now,Michael Bolton with Kenny G,00:04:39,4
Morning,Kenny G,00:05:14,4
My Heart Will Go On (Love Theme From “Titanic”),Kenny G,00:04:21,4
NA - Darin_-_Hit_Me_Up_Visualizer,,00:02:05,4
NA - Lady_Gaga_-_Bloody_Mary_Wednesday_Soner_Karaca_Remix,,00:03:17,4
NA - OneRepublic_-_Counting_Stars,,00:04:43,4
One More Time,Kenny G feat. Chanté Moore,00:04:05,4
Passages,Kenny G,00:05:58,4
Sabor a mí,Kenny G,00:04:23,4
Sentimental,Kenny G,00:04:08,4
Silhouette,Kenny G,00:05:28,4
Songbird,Kenny G,00:05:03,4
That Somebody Was You,Kenny G feat. Toni Braxton,00:05:07,4
That Somebody Was You,Kenny G with Toni Braxton,00:05:02,4
The Champion’s Theme,Kenny G,00:04:21,4
The Girl From Ipanema,Kenny G feat. Bebel Gilberto,00:04:02,4
The Joy of Life,Kenny G,00:04:21,4
The Look of Love,Kenny G,00:05:15,4
The Moment,Kenny G,00:04:43,4
The Moment,Kenny G,00:06:01,4
The Promise,Kenny G,00:05:14,4
The Shadow of Your Smile,Kenny G,00:04:06,4
The Way We Were,Kenny G,00:02:50,4
The Wedding Song,Kenny G,00:03:22,4
Theme From Dying Young,Kenny G,00:04:03,4
We've Saved the Best for Last,Kenny G,00:04:18,4
WizTheMc_bees_honey - Show_Me_Love,,00:01:02,4
You Raise Me Up,Kenny G,00:03:14,4
You Send Me,Kenny G with Michael Bolton,00:04:01,4
You’re All the World to Me,Tony Bennett,00:02:15,4
"🌞 Russian & Pop (Royalty Free Music) - ""ГДЕ Я? (WHERE AM I)"" by DIE GLÜCKLICHEN",BreakingCopyright — Royalty Free Music,00:02:52,4
"🌺 Instrumental & Pop (Royalty Free Music) - ""SPRING"" by EuGenius 🇩🇪",BreakingCopyright — Royalty Free Music,00:04:15,4
"🌻 Pop & Indie (Royalty Free Music) - ""SPEECHLESS"" by Pyrosion",BreakingCopyright — Royalty Free Music,00:03:07,4
"🎼 Pop & Alternative (Royalty Free Music) - ""COME AND SEE"" by Xinclair 🇺🇸",BreakingCopyright — Royalty Free Music,00:02:13,4
"💋 Pop (Free Music) - ""GODLESS WOMAN"" by Gun Boi Kaz",BreakingCopyright — Royalty Free Music,00:02:42,4
"💔 Pop & Trap (Royalty Free Music) - ""BOUND TO BREAK"" by XINCLAIR 🇺🇸",BreakingCopyright — Royalty Free Music,00:03:27,4
"🕶️ Synth pop (Royalty Free Music) - ""AFTER A WHILE"" by Vlad Gluschenko 🇺🇦",BreakingCopyright — Royalty Free Music,00:02:02,4
"🧸 Chill & Pop (Free Music) - ""ALL I NEED"" by Kaizanblu 🇬🇧 🇧🇬",BreakingCopyright — Royalty Free Music,00:02:38,4
"🪻 Pop (Royalty Free Music) - ""LIQUID LUCK"" by Gun Boi Kaz",BreakingCopyright — Royalty Free Music,00:01:51,4
"🫧 Pop (Royalty Free Music) - ""BUBBLES"" by Kaiji",BreakingCopyright — Royalty Free Music,00:01:38,4
007 - I Wanna Dance with Somebody (Who Loves Me),,00:04:51,3
Body and Soul,Tony Bennett,00:03:24,3
Body and Soul,Tony Bennett & Amy Winehouse,00:03:21,3
By the Time This Night Is Over,Kenny G with Peabo Bryson,00:04:43,3
Dearly Beloved,下村陽子,00:02:23,3
Heart and Soul (live),Kenny G,00:04:42,3
How Could an Angel Break My Heart,Kenny G with Toni Braxton,00:04:20,3
I Got Better,Morgan Wallen,00:03:25,3
If,Kenny G,00:03:25,3
Jasmine Flower,Kenny G,00:04:37,3
NA - Motley_Crue_-_Kickstart_My_Heart_Official_HD_Remaster,,00:05:11,3
NA - Numb_Official_Music_Video_4K_UPGRADE_Linkin_Park,,00:03:07,3
NA - Pantera_-_Walk_Official_Music_Video_4K,,00:05:16,3
NA - Rage_Against_The_Machine_-_Killing_In_the_Name_Official_HD_Video,,00:05:14,3
One for My Baby (and One More for the Road),Tony Bennett & John Mayer,00:02:56,3
One More Time,Kenny G feat. Chanté Moore,00:04:04,3
Paradise,Kenny G,00:04:15,3
Right Now (Na Na Na),Akon,00:04:01,3
Somebody That I Used To Know,Gotye;Kimbra,00:04:04,3
Sunflower - Spider-Man: Into the Spider-Verse,Post Malone;Swae Lee,00:02:38,3
weren't for the wind,Ella Langley,00:03:14,3
Yesterday,Kenny G,00:03:00,3
...Baby One More Time,Britney Spears,00:03:31,2
24K Magic,Bruno Mars,00:03:46,2
505,Arctic Monkeys,00:04:14,2
Adventure of a Lifetime,Coldplay,00:04:24,2
Ain't Nobody (Loves Me Better) (feat. Jasmine Thompson),felix jaehn;Jasmine Thompson,00:03:08,2
All Things Burn,Amon Tobin,00:05:42,2
Am I Wrong,Nico & Vinz,00:04:06,2
Animal,KATSEYE,00:02:38,2
Animals,Maroon 5,00:03:51,2
Ava_Max - Choose_Your_Fighter,,00:02:18,2
Ava_Max - Kings_Queens,,00:02:42,2
Ava_Max - My_Oh_My,,00:02:36,2
Babydoll,Dominic Fike,00:01:38,2
back to friends,sombr,00:03:19,2
bad enough,Madison Beer,00:03:43,2
Be Her,Ella Langley,00:03:37,2
Been By Now,Morgan Wallen,00:03:34,2
Beyonce - Halo,,00:04:22,2
Boston,STELLA LEFTY,00:02:51,2
Break It Off - Bonus,PinkPantheress,00:01:36,2
Britney_Spears - Oops_...I_Did_It_Again,,00:03:32,2
Britney_Spears - Toxic,,00:03:19,2
Broken Window Serenade,Whiskey Myers,00:05:46,2
Calvin_Harris_Disciples - How_Deep_Is_Your_Love,,00:03:33,2
Can't Feel My Face,The Weeknd,00:03:34,2
"CAN'T STOP THE FEELING! (from DreamWorks Animation's ""TROLLS"")",Justin Timberlake,00:03:56,2
Close to Evil,Mikko Tarmia,00:01:52,2
Cola,CamelPhat;Elderbrook,00:03:44,2
CORTIS - REDRED,,00:02:43,2
Crazy In Love (feat. JAY-Z),Beyoncé;JAŸ-Z,00:03:57,2
David_Guetta_Chris_Willis_Fergie_LMFAO - Gettin_Over_You_feat._Fergie_LMFAO,,00:03:08,2
David_Guetta_Sia - Beautiful_People,,00:03:07,2
David_Guetta_Sia - Titanium_feat._Sia_David_Guetta_MORTEN_Future_Rave_Remix,,00:03:31,2
Demi_Lovato - Heart_Attack,,00:03:31,2
Discover Me,Ian Ikon;Maria Zlatani,00:03:25,2
Diva,Beyoncé,00:03:21,2
DJ Got Us Fallin' In Love (feat. Pitbull),USHER;Pitbull,00:03:41,2
Do It To It,Cherish;Sean Paul,00:03:43,2
Doechii - What_It_Is_Solo_Version,,00:03:10,2
Don't Dream It's Over,Crowded House,00:03:57,2
Don't Stop The Music,Rihanna,00:04:27,2
Drake - God_s_Plan,,00:03:19,2
drop dead,Olivia Rodrigo,00:03:45,2
Dua_Lipa - Houdini,,00:03:06,2
Dua_Lipa - Levitating,,00:03:24,2
Dua_Lipa - Training_Season,,00:03:29,2
Easy Love,Sigala,00:03:50,2
Ellie_Goulding - Love_Me_Like_You_Do,,00:04:14,2
Eminem_Juice_WRLD - Godzilla,,00:03:31,2
Emma,Chamber of Screams;Clement Panchout,00:01:55,2
Eternal end to the impossible,Unworn,00:05:07,2
Evanescence - Bring_Me_To_Life,,00:03:56,2
Fast Car,Jonas Blue;Dakota,00:03:36,2
Foray,Subheim,00:05:08,2
Freakin’ Out,Dexter and The Moonrocks,00:03:38,2
Genie In a Bottle,Christina Aguilera,00:03:38,2
Get Right,Jennifer Lopez,00:03:46,2
Ghosst(s),Lorn,00:04:20,2
Glass_Animals - Heat_Waves,,00:03:59,2
Grenade,Bruno Mars,00:03:42,2
Hayloft,Mother Mother,00:03:02,2
He Wasn't Man Enough,Toni Braxton,00:04:22,2
Here Comes The Sun - Remastered 2009,The Beatles,00:03:06,2
Hey Baby (Drop It to the Floor) (feat. T-Pain),Pitbull;T-Pain,00:03:56,2
"Hey Mama (feat. Nicki Minaj, Bebe Rexha & Afrojack)",David Guetta;AFROJACK;Bebe Rexha;Nicki Minaj,00:03:13,2
Hips Don't Lie (feat. Wyclef Jean),Shakira;Wyclef Jean,00:03:38,2
Ho Hey,The Lumineers,00:02:43,2
Hootie Frutti,KATSEYE,00:02:21,2
I Can’t Wait,Phoebe Bridgers,00:03:37,2
I Just Might,Bruno Mars,00:03:33,2
I Need Your Love (feat. Ellie Goulding),Calvin Harris;Ellie Goulding,00:03:55,2
If U Seek Amy,Britney Spears,00:03:37,2
Imagine_Dragons - Believer,,00:03:24,2
Imagine_Dragons - Thunder,,00:03:07,2
In Abandoned Places,Raison D'être,00:09:08,2
In the Name of Love,Martin Garrix;Bebe Rexha,00:03:16,2
Irreplaceable,Beyoncé,00:03:48,2
j-hope_GloRilla - Killin_It_Girl_feat._GloRilla,,00:02:29,2
JAMMU,KSHMR,00:03:56,2
Jennifer_Lopez_Pitbull - On_The_Floor_Radio_Edit,,00:03:51,2
Jessie_J - Flashlight_From_Pitch_Perfect_2_Soundtrack,,00:03:29,2
Jessie_J_Ariana_Grande_Nicki_Minaj - Bang_Bang,,00:03:19,2
Jessie_J_B.o.B - Price_Tag,,00:03:41,2
KATSEYE - Touch,,00:02:10,2
Kesha - TiK_ToK,,00:03:20,2
Kill Me,Phoebe Bridgers,00:04:42,2
Kygo_Ava_Max - Whatever,,00:02:58,2
La La La,Naughty Boy;Sam Smith,00:03:42,2
Lady_Gaga - Abracadabra,,00:03:43,2
Lady_Gaga_Bruno_Mars - Die_With_A_Smile,,00:04:12,2
Lady_Gaga_Colby_O_Donis - Just_Dance,,00:04:02,2
Lapis Occultus,Lamia Vox,00:05:44,2
Lean On,Major Lazer;MØ;DJ Snake,00:03:01,2
Leave (Get Out),JoJo,00:04:03,2
Light It Up,Major Lazer;Nyla;Fuse ODG,00:02:46,2
Like You (feat. Ciara),Bow Wow;Ciara,00:03:26,2
Lil_Nas_X_Billy_Ray_Cyrus - Old_Town_Road_Remix,,00:02:37,2
Limp_Bizkit - Hot_Dog,,00:03:50,2
Linkin_Park - In_the_End,,00:03:37,2
Locked Away (feat. Adam Levine),R. City;Adam Levine,00:03:46,2
Lost Boys,Phoebe Bridgers,00:04:15,2
Love Me Again,John Newman,00:04:00,2
Love Me More,Mitski,00:03:33,2
Love You Like A Love Song,Selena Gomez & The Scene,00:03:08,2
LoveGame,Lady Gaga,00:03:36,2
Lullaby,Low,00:09:49,2
Mammoth,Dimitri Vegas;MOGUAI;Like Mike,00:05:32,2
Man I Need,Olivia Dean,00:03:04,2
Maps,Maroon 5,00:03:10,2
Mariposa,Peach Tree Rascals,00:03:30,2
"Me, Myself and I",Beyoncé,00:05:01,2
Michael Kills Judith,John Carpenter,00:03:11,2
Midnight Pretenders,Tomoko Aran,00:05:45,2
Mirrors,Justin Timberlake,00:08:04,2
"Moves Like Jagger - Studio Recording From ""The Voice"" Performance",Maroon 5;Christina Aguilera,00:03:21,2
Mr. Brightside,The Killers,00:03:43,2
NA - AC_DC_-_T.N.T._Official_Audio,,00:03:37,2
NA - Alice_Cooper_-_Poison,,00:04:28,2
NA - Alice_In_Chains_-_Would_Official_HD_Video,,00:03:28,2
NA - Alok_Jazzy_-_The_Heat_Official_Lyric_Video,,00:02:30,2
NA - Anyma_-_Hypnotized_feat._Ellie_Goulding_Official_Video,,00:02:58,2
NA - Asake_Travis_Scott_-_Active_Official_Video,,00:03:04,2
NA - Ava_Max_-_Spot_a_Fake_Official_Lyric_Video,,00:02:47,2
NA - BL3SS_x_CamrinWatsin_-_Kisses_ft._bbyclose_Official_Visualiser,,00:02:18,2
NA - Charli_xcx_-_Apple_official_lyric_video,,00:02:35,2
NA - Crawling_Official_HD_Music_Video_-_Linkin_Park,,00:03:37,2
NA - Creed_-_One_Last_Breath_Official_HD_Music_Video,,00:03:59,2
NA - David_Guetta_Alphaville_Ava_Max_-_Forever_Young_Lyric_video,,00:02:36,2
NA - David_Guetta_Cedric_Gervais_-_A_Better_World_Official_Video,,00:02:51,2
NA - DEF_LEPPARD_-_Pour_Some_Sugar_On_Me_Official_Music_Video,,00:04:56,2
NA - Disturbed_-_Down_With_The_Sickness_Official_Music_Video_HD_UPGRADE,,00:03:38,2
NA - Dua_Lipa_-_Training_Season_Lyric_Video,,00:03:30,2
NA - Eminem_-_Houdini_Lyrics,,00:03:47,2
NA - Evanescence_-_Going_Under_Official_HD_Music_Video,,00:03:38,2
NA - Gracie_Abrams_-_That_s_So_True_Lyrics,,00:02:47,2
NA - Guns_N_Roses_-_Paradise_City_Official_Music_Video,,00:06:48,2
NA - Hanumankind_Big_Dawgs_Lyrics_ft._Kalmi,,00:03:15,2
NA - HUGEL_x_Topic_x_Arash_feat._Daecolm_-_I_Adore_You_Visualizer,,00:03:34,2
NA - Iron_Maiden_-_Aces_High_Official_Video,,00:05:00,2
NA - Iron_Maiden_-_The_Number_Of_The_Beast_Official_Video,,00:04:51,2
NA - Iron_Maiden_-_The_Trooper_Official_Video,,00:04:23,2
NA - It_s_Not_Right_But_It_s_Okay_-_Mr._Belt_Wezol_Lyrics,,00:02:32,2
NA - J._Cole_-_She_Knows_Lyrics,,00:04:57,2
NA - Judas_Priest_-_Painkiller,,00:06:08,2
NA - Katy_Perry_-_California_Gurls_Official_Music_Video_ft._Snoop_Dogg,,00:03:54,2
NA - Katy_Perry_-_GIMME_GIMME_Ft._21_Savage_Pseudo_Video,,00:02:58,2
NA - Kelly_Clarkson_-_Stronger_What_Doesn_t_Kill_You_Official_Video,,00:03:41,2
NA - Kendrick_Lamar_-_Not_Like_Us_Lyrics_Drake_Diss,,00:04:33,2
NA - Limp_Bizkit_-_Break_Stuff_Official_Music_Video,,00:02:47,2
NA - Limp_Bizkit_-_My_Way,,00:04:53,2
NA - Limp_Bizkit_-_Rollin_Air_Raid_Vehicle,,00:04:03,2
NA - Megadeth_-_Holy_Wars...The_Punishment_Due,,00:06:37,2
NA - Misfits_-_Dig_Up_Her_Bones,,00:02:57,2
NA - Ndotz_-_Embrace_It,,00:01:45,2
NA - NSYNC_-_Bye_Bye_Bye_Lyrics_Deadpool_3_Soundtrack,,00:03:20,2
NA - Pantera_-_Cowboys_From_Hell_Official_Music_Video_4K_Remaster,,00:04:10,2
NA - Papa_Roach_-_Last_Resort_Squeaky_Clean_Version_Official_Music_Video,,00:03:19,2
NA - Pitbull_-_Give_Me_Everything_ft._Ne-Yo_Afrojack_Nayer,,00:04:26,2
NA - ROSE_Bruno_Mars_-_APT._Official_Music_Video,,00:02:53,2
NA - Somewhere_I_Belong_Official_Music_Video_4K_UPGRADE_Linkin_Park,,00:03:46,2
NA - t.A.T.u._-_All_The_Things_She_Said_Official_Music_Video,,00:03:47,2
NA - The_Offspring_-_The_Kids_Aren_t_Alright_Official_Music_Video,,00:03:00,2
NA - The_Weeknd_-_Sao_Paulo_Lyrics_Feat._Anitta,,00:05:02,2
NA - Three_Days_Grace_-_I_Hate_Everything_About_You_Official_Video,,00:03:40,2
NA - Tiesto_-_I_Follow_Rivers_feat._Oaks_-_Official_Visualizer,,00:03:19,2
NA - TikTok_Kato_feat._Jon_-_Turn_The_Lights_Off_Jon_Hamm,,00:02:59,2
NA - Twisted_Sister_-_We_re_Not_Gonna_Take_it_Extended_Version_Official_Music_Video,,00:06:32,2
NA - Tyla_-_CHANEL_Official_Music_Video,,00:03:09,2
Nathan_Dawe_Ella_Henderson - 21_Reasons_feat._Ella_Henderson,,00:02:35,2
Need Someone,Zara Larsson,00:02:57,2
"Never Forgive Me, Never Forget Me",Akira Yamaoka,00:02:19,2
Nirvana - Smells_Like_Teen_Spirit,,00:05:02,2
No Money,Galantis,00:03:22,2
No Surprises,Juliana Chahayed,00:02:01,2
NOBLE,F3miii,00:03:06,2
On The Floor,Jennifer Lopez;Pitbull,00:04:45,2
Only Girl (In The World),Rihanna,00:03:55,2
Overlay of Evil / Main Title,Harry Manfredini,00:03:33,2
Peanut Butter Jelly,Galantis,00:03:23,2
Post_Malone_Swae_Lee - Sunflower_Spider-Man_-_Into_the_Spider-Verse,,00:02:38,2
Promiscuous,Nelly Furtado;Timbaland,00:04:03,2
Reload - Radio Edit,Sebastian Ingrosso;Tommy Trash;John Martin,00:03:41,2
Rich Girl,Gwen Stefani;Eve,00:03:57,2
Right Round,Flo Rida;Kesha,00:03:30,2
Rihanna - Breakin_Dishes,,00:03:21,2
Rihanna - Diamonds,,00:03:45,2
Rihanna - Don_t_Stop_The_Music,,00:04:27,2
Rihanna_JA_-Z - Umbrella,,00:04:36,2
Rock That Body,Black Eyed Peas,00:04:29,2
Sabrina_Carpenter - Espresso,,00:02:55,2
Say Hello to Mr. Akers,Mikko Tarmia,00:00:58,2
Say It Right,Nelly Furtado,00:03:43,2
Secrets,Tiësto;KSHMR;VASSY,00:04:11,2
See You Again (feat. Charlie Puth),Wiz Khalifa;Charlie Puth,00:03:57,2
Selena_Gomez_The_Scene - Love_You_Like_A_Love_Song,,00:03:08,2
Self Aware,Temper City,00:03:01,2
Shakira - Whenever_Wherever,,00:03:16,2
Shakira_Freshlyground - Waka_Waka_Esto_es_Africa,,00:03:23,2
Shakira_Wyclef_Jean - Hips_Don_t_Lie,,00:03:40,2
Shawn_Mendes - There_s_Nothing_Holdin_Me_Back,,00:03:19,2
She Looks So Perfect,5 Seconds of Summer,00:03:22,2
Sia_Kendrick_Lamar - The_Greatest,,00:03:30,2
Sinister,Christopher Young,00:04:25,2
Snap,manifest,00:02:40,2
Someone To You,BANNERS,00:03:42,2
Stargazing,The Neighbourhood,00:03:37,2
Stitches,Shawn Mendes,00:03:27,2
Stressed Out,Twenty One Pilots,00:03:22,2
stupid song,Olivia Rodrigo,00:03:30,2
Subway_Surfers - SUBWAY_SURFERS_Main_Theme,,00:02:18,2
Sugar (feat. Francesco Yates),Robin Schulz;Francesco Yates,00:03:43,2
Super Trouper,ABBA,00:04:13,2
Sweater Weather,The Neighbourhood,00:04:00,2
Sweet Lovin' - Radio Edit,Sigala;Bryn Christopher,00:03:22,2
t.A.T.u. - All_The_Things_She_Said,,00:03:34,2
Tate_McRae - greedy,,00:02:10,2
Taylor_Swift_Loud_Luxury - The_Fate_of_Ophelia_Loud_Luxury_Remix,,00:02:36,2
Teach Me How To Love,Shawn Mendes,00:03:22,2
Tear in My Heart,Twenty One Pilots,00:03:08,2
Temperature,Sean Paul,00:03:36,2
Temple of Yith,Phelios,00:06:59,2
That's What I Like,Bruno Mars,00:03:27,2
The Days,Avicii,00:04:38,2
The Governor’s Waltz,Phoebe Bridgers,00:03:27,2
The One That Got Away,Katy Perry,00:03:47,2
The Outside,Phoebe Bridgers,00:03:58,2
The Sky Is Dead,Ben Prunty,00:06:18,2
The_Black_Eyed_Peas - I_Gotta_Feeling,,00:04:49,2
The_Weeknd_Playboi_Carti - Timeless,,00:04:16,2
This Is What You Came For,Calvin Harris;Rihanna,00:03:42,2
TiK ToK,Kesha,00:03:20,2
Timber,Pitbull;Kesha,00:03:24,2
Toxic,Britney Spears,00:03:19,2
Travis_Scott_Playboi_Carti - FE_N,,00:03:12,2
Tunnel Visions,Jarren Crist,00:03:00,2
twenty_one_pilots - Stressed_Out,,00:03:22,2
u and i,vhs ghost,00:02:04,2
Uptown Funk (feat. Bruno Mars),Mark Ronson;Bruno Mars,00:04:30,2
Wake Me Up,Avicii,00:04:07,2
Water,Tyla,00:03:12,2
We Belong Together,Mariah Carey,00:03:21,2
What Makes You Beautiful,One Direction,00:03:20,2
Wiggle (feat. Snoop Dogg),Jason Derulo;Snoop Dogg,00:03:13,2
Womanizer,Britney Spears,00:03:44,2
キリコのテーマ,Kenji Kawai,00:01:56,2
001 - Hele_Bi_Gel,,00:03:51,1
002 - Manifest,,00:02:30,1
Get Lucky (feat. Pharrell Williams and Nile Rodgers),Daft Punk;Pharrell Williams;Nile Rodgers,00:06:10,1
